epoch,acc,loss,val_acc,val_loss
0,0.26530144,27.876600670233362,0.41625917,22.552709462881673
1,0.25941774,26.147699746526644,0.41106358,21.939933151953962
2,0.36058685,25.729037879412758,0.39028117,21.788292318218204
3,0.31420493,25.496564872545235,0.3291565,21.65330667658948
4,0.30251396,25.252610862523813,0.37408313,21.43873445562162
5,0.36669978,25.056651823659298,0.40311736,21.408025004752982
6,0.3524108,25.044977856345508,0.3970049,21.45711559304981
7,0.37128448,24.95650456177047,0.37286064,21.303472145845372
8,0.36731106,24.777993566350265,0.39761615,21.130506669396585
9,0.35668984,24.737489678310073,0.40158924,21.106132833765304
10,0.37380606,24.679991645081355,0.4364303,21.028916268010594
11,0.3741117,24.64572798964392,0.4138142,21.05382658624999
12,0.36654696,24.714974020731095,0.400978,21.112919254815957
13,0.3498128,24.647165043264586,0.34413204,21.095707350080346
14,0.34683272,24.593300892633213,0.4089242,21.034900446101332
15,0.37556353,24.542346419174603,0.38233498,20.98855275571492
16,0.3538626,24.51554996440634,0.41473106,20.93815790003844
17,0.3727363,24.494163481119966,0.38905868,21.003016255012643
18,0.3611217,24.56836868190525,0.3737775,21.09617089642289
19,0.3577596,24.462838041524595,0.36246943,21.052269653469544
20,0.34698555,24.392236541843655,0.41289732,20.957216132240948
21,0.37288913,24.34081415744938,0.4141198,20.90700692361025
22,0.36257353,24.30363400461403,0.41228607,20.94050178434563
23,0.369527,24.343607315398103,0.3878362,21.084897892399347
24,0.37304196,24.275315362920534,0.37836185,21.047092022697615
25,0.35210514,24.144097271710326,0.4125917,21.0074082959835
26,0.37426454,24.18394532564026,0.4297066,21.021979628098915
27,0.3713609,24.271354315888846,0.43337408,20.90087214425607
28,0.3924505,24.10627688022187,0.35910758,21.34011519975359
29,0.37479943,24.19277115783435,0.4364303,21.415090980623052
30,0.37755024,24.07570923357585,0.3817237,21.447897251194437
31,0.37449378,24.0308136901016,0.41900977,21.561049519657796
32,0.35080615,23.88637649904573,0.44621027,21.28235484452003
33,0.40910828,23.690303875653605,0.4284841,21.371006324413646
34,0.3674639,23.676878484255347,0.4153423,21.26693408938084
35,0.36371973,23.49249032551732,0.3358802,21.42968405837826
36,0.39313823,23.598870422929934,0.45904645,21.54275300042262
37,0.39718804,23.6043506458207,0.4208435,21.848465077742972
38,0.3714373,23.920025643393657,0.4324572,21.71174258766081
39,0.37311837,23.815139824433004,0.37011003,21.326632114960688
40,0.38939404,23.3961630006739,0.43612468,21.493541913393948
41,0.37846717,23.08986110881095,0.42726162,22.06160449282173
42,0.3676167,23.012094925730096,0.41595355,21.51817722367191
43,0.42332086,22.82920614545555,0.46179706,21.842385592845368
44,0.36402535,22.667467427160812,0.43581906,22.35148718770967
45,0.39871627,22.35547597422687,0.43704155,23.015646890206558
46,0.38343394,22.558133036620095,0.42023227,22.037528646604358
47,0.3935967,22.438728672831218,0.38997555,22.272378133386738
48,0.3970352,22.08607131390773,0.42145476,23.160876607545138
49,0.39718804,22.53484926000038,0.42389977,23.50129797639357
50,0.38289905,23.089237558110256,0.47585574,23.758747119483854
51,0.4334836,23.247897268881033,0.4908313,22.472383802269373
52,0.40826774,22.33005758955798,0.43704155,22.549749355735873
53,0.37586918,21.898536317769498,0.44345966,23.54509509396728
54,0.4014671,21.304494130526706,0.40128362,24.57893065660099
55,0.4288225,20.949289094539143,0.45385087,23.908269243310308
56,0.39474288,20.451025750845286,0.46210268,23.002667135597733
57,0.39695883,20.08722721002788,0.44896087,26.077428542605823
58,0.43432415,19.860717494483936,0.4651589,26.131686143012384
59,0.3967296,20.40488580820476,0.43581906,22.968185373506802
60,0.43287233,21.61649187886251,0.38875306,24.402722001950142
61,0.37968978,20.639179025549314,0.44896087,23.75557117881868
62,0.43967295,20.25162050319044,0.4608802,23.667185860333056
63,0.40184915,19.282826316158992,0.4556846,26.81515817245819
64,0.4524337,18.74075277973699,0.44743276,27.974724734616455
65,0.4085734,20.381706395633465,0.42267725,26.09763907919886
66,0.4007794,20.168163210073875,0.45629585,28.598842047245988
67,0.44731414,19.486033502087434,0.5275061,25.86518783382798
68,0.41399863,18.616014978014285,0.49419317,28.696935607052083
69,0.44884238,18.07314519794027,0.44559902,27.22654957293298
70,0.45044702,18.184696996768565,0.46913204,24.904972990451057
71,0.42500192,17.270641126652365,0.44223717,24.937726997804525
72,0.44540384,16.885568891752484,0.47066015,26.90289648471077
73,0.42003515,16.74192927761257,0.46301955,26.98480900808768
74,0.46420112,16.285554450090405,0.4688264,27.178407589788833
75,0.43661648,15.602501103391054,0.43948656,30.775094533607838
76,0.40872622,15.740481721113333,0.45323962,32.439232656017204
77,0.45640713,14.91409799020959,0.41320294,27.961990580290628
78,0.42798197,14.196346707802055,0.44865525,28.195028673465796
79,0.42790556,15.368894283789915,0.4712714,30.52983187929634
80,0.42989227,15.838537726581183,0.4923594,28.26885716314712
81,0.47016123,18.66461734344699,0.40433985,28.04494287915218
82,0.44074273,18.337637492422022,0.49144253,25.219148328076948
83,0.37862,16.9326538459916,0.4440709,26.90715986125918
84,0.43615803,14.996907486692965,0.448044,29.217960152474475
85,0.43845037,13.70949423769501,0.4984719,29.661770431220095
86,0.48124093,12.36117252560599,0.44162592,29.77432511663087
87,0.441354,11.764444913402857,0.4660758,32.19497970263941
88,0.42782915,12.462769674801194,0.5021394,30.59145605651557
89,0.47275922,11.808190039265025,0.46668705,31.442931471360634
90,0.46091542,12.380290565438255,0.4611858,33.46435844402733
91,0.41736075,12.68946967281978,0.5100856,28.284626538712704
92,0.48460305,12.34279174196936,0.50702935,29.74900922798586
93,0.44555667,11.86049909490383,0.4804401,31.06215415432284
94,0.44823107,11.137963833068884,0.49694377,30.342287035617968
95,0.47046688,10.472098372240723,0.48533008,31.372939727708587
96,0.4419653,10.013273698520084,0.48655257,35.75495201801029
97,0.48880568,9.533865417890883,0.48410758,35.2819333437894
98,0.44655,8.852142235898823,0.5039731,34.18492220666414
99,0.4948422,8.620839860720404,0.49297065,34.26612107386507
100,0.46175593,8.105150290622042,0.5189487,35.13172063850832
101,0.47795522,7.906695826893285,0.4923594,34.31345847766382
102,0.49369603,7.764742611800321,0.51742053,33.47007283721401
103,0.47764957,7.308765490588689,0.5207824,34.913244102869754
104,0.5039352,7.168017683468593,0.53270173,34.22926259682056
105,0.5108887,6.832667011623306,0.53056234,34.444656968991154
106,0.50508136,7.192749370963504,0.49022004,35.533823185853095
107,0.46771607,7.617847964316755,0.54339856,32.98778714410833
108,0.5043937,7.967801290372025,0.5223105,34.02648124601556
109,0.5189883,9.094868311791293,0.5342298,33.63500356324436
110,0.4908688,9.072190182562625,0.5106968,36.065732335694555
111,0.47963628,8.393708647203798,0.5418704,32.271467428044176
112,0.501108,7.987913116775132,0.53056234,32.212879889751704
113,0.49659967,7.539352596548504,0.5195599,36.37134647136212
114,0.48796517,7.321286581649658,0.52047676,33.11359945544404
115,0.5291511,7.061728370502105,0.53056234,34.39877131865485
116,0.5069153,7.0508518283121395,0.5287286,34.28933143615723
117,0.47688547,6.886483470923744,0.5152812,34.720388356514256
118,0.5405364,6.437645338304342,0.5287286,35.16611558126063
119,0.5033239,6.243856389646252,0.50855744,38.31587410439489
120,0.511882,5.738226316297101,0.5342298,35.25723007314071
121,0.51814777,5.508145993320829,0.5177262,35.16332178652141
122,0.5292275,5.63744977022079,0.53270173,33.75863971103957
123,0.49186215,5.2811130186066215,0.5498166,32.78316061770712
124,0.514098,5.4661412683228825,0.51466995,34.83603431309931
125,0.55268586,5.171667577075004,0.5440098,35.8423745544732
126,0.5366394,5.222698798397878,0.5330073,34.166221189615484
127,0.5356461,4.830961912412681,0.53147924,35.44542209093611
128,0.53824407,4.599064318246725,0.5275061,34.40005257193791
129,0.526171,4.578573166007818,0.5262836,34.27447360535414
130,0.55979216,4.39782629335884,0.55378973,34.43831959097193
131,0.5555895,4.272062594325655,0.50855744,35.48166944228641
132,0.5481012,4.438815767773972,0.5485941,35.355281638632775
133,0.54351646,4.361712038339373,0.54492664,37.063900404279565
134,0.5486361,4.238640963316164,0.5467604,35.9130644763303
135,0.5751509,4.357536123827688,0.52506113,35.7501095256479
136,0.52502483,4.0995453542463185,0.5247555,35.51514346209015
137,0.57805455,4.312999710803856,0.52903426,36.34798639386091
138,0.5735463,4.119687127167049,0.54492664,33.82705855427861
139,0.53365934,4.024459097468663,0.5507335,34.378571535963886
140,0.5736227,3.9959293617469482,0.5391198,33.37964335863631
141,0.55176896,3.86322870157597,0.55684596,32.132972120364315
142,0.5435929,3.78504935995711,0.5342298,33.89297793138872
143,0.5678918,3.750558578968959,0.5571516,34.3537730191331
144,0.563842,3.572523840355292,0.5354523,33.948389002046845
145,0.5643769,3.352017251621951,0.5440098,36.11415004963397
146,0.5626194,3.4085926850721817,0.5464548,34.264339493655925
147,0.5665928,3.253923383673272,0.53361857,36.503252062063055
148,0.5711775,3.3679826482783173,0.54706603,39.18156101068249
149,0.5736227,3.3962789646506337,0.5351467,35.17333796904548
150,0.5953236,3.119999920847291,0.54339856,36.284854077476744
151,0.5631543,3.1862862540628583,0.5559291,35.69291838107307
152,0.5793536,3.2148941060734675,0.5418704,35.74465106227287
153,0.5814931,3.2920533232558826,0.5522616,32.69830588081938
154,0.5707954,3.2635377268653833,0.5522616,34.94068017040896
155,0.5778253,3.132832301403555,0.5534841,34.67698875557822
156,0.58302134,3.082408902333037,0.5452323,36.705468651134986
157,0.58126384,3.1270645950770937,0.56020784,35.68347666024579
158,0.58401465,3.143428806334226,0.54462105,36.07710368709051
159,0.5817223,3.1034368734140396,0.5586797,34.117523221340036
160,0.59112096,3.286694005310485,0.5559291,35.13739895995497
161,0.5545198,3.012578040764477,0.5583741,34.70651380357066
162,0.59815085,2.8758856824459653,0.5232274,35.554629831850384
163,0.5854665,2.7525084918128475,0.5507335,34.799320416811916
164,0.5918087,2.596406678478649,0.5571516,35.97715433302602
165,0.5843967,2.5312223915767023,0.55929095,34.72743593976084
166,0.59883857,2.740487230901659,0.5547066,34.73532954171701
167,0.58661264,2.772058340520648,0.55012226,33.45067915881467
168,0.60197145,2.6012249291330276,0.54584354,35.30188013463848
169,0.5950944,2.415359331705795,0.5547066,35.065217360890585
170,0.5921143,2.327908206916961,0.54889977,36.46935976863199
171,0.6096126,2.3340441849430844,0.55012226,35.69518910526938
172,0.5892107,2.2117821746143216,0.5559291,34.50171752314113
173,0.6091541,2.2334803781963393,0.5498166,35.9258768879114
174,0.6038053,2.2364840122743788,0.56479216,33.39779315193008
175,0.6021243,2.173756359386291,0.55776286,33.670937013509516
176,0.6006724,2.052726214897772,0.5666259,33.54441091075795
177,0.61389166,2.0031198435965782,0.5476773,34.65343341967296
178,0.5971575,2.034166312084721,0.55806845,34.20887788991765
179,0.6104531,2.0720374629196385,0.55684596,36.45190293981277
180,0.61794144,2.025728272327794,0.54584354,35.39200594839082
181,0.60090166,2.1518341253409914,0.5540953,33.89933843542719
182,0.597998,2.266805181002666,0.5464548,34.672148417726994
183,0.61381525,2.4073605324810834,0.5556235,33.88955399343029
184,0.59272563,2.626082991773982,0.55929095,35.12514465070878
185,0.5925728,2.7336245592951984,0.55165035,34.654014638700225
186,0.6081608,2.574386585912867,0.5467604,36.21108528454321
187,0.60021394,2.4558533148176394,0.5479829,34.78861667008155
188,0.616184,2.4093371734195026,0.5626528,34.287296099301365
189,0.6122106,2.321195264728692,0.5482885,36.20332237560766
190,0.60418737,2.201904247650044,0.5611247,33.408938596767435
191,0.60625046,2.229291919427841,0.56693155,33.679135245623975
192,0.60235345,2.101377257581536,0.5620416,33.156245513766784
193,0.61580193,2.0938849397054318,0.5595966,34.92455271228893
194,0.6081608,2.1103740217961335,0.5617359,33.99848016491729
195,0.6113701,2.2537379157892055,0.5709047,30.77723641150738
196,0.6135096,2.4174053918562026,0.5583741,32.34599521515713
197,0.59639335,2.386933828097956,0.56448656,33.54043967566455
198,0.60136014,2.7680764645736575,0.5638753,31.667313228318044
199,0.61389166,2.4706434250934572,0.5611247,33.72000892004932
200,0.59547645,2.2917195242375095,0.5629584,33.14589518614678
201,0.6215328,2.3109403920517964,0.54889977,32.49212788253075
202,0.6140445,2.3013168997584956,0.5540953,34.07525120854086
203,0.60189503,2.203864241152822,0.55378973,32.270550818781395
204,0.61862916,2.211985729499835,0.573044,34.14911396054592
205,0.61977535,2.0032611712693824,0.56020784,33.342667577319155
206,0.6116757,2.0481910784450217,0.5574572,33.39457122504274
207,0.6178651,2.1612608175532033,0.5553178,33.67444319596792
208,0.61121726,2.2363967659402917,0.5562347,35.906952417275726
209,0.62627035,2.6157436959654414,0.5715159,33.34280203373916
210,0.629174,2.432289812593452,0.570599,34.632300276628044
211,0.6011309,2.1661251497804286,0.5611247,35.19677870081223
212,0.61259264,2.214589517475623,0.5617359,34.59342171218984
213,0.61435014,2.45699093977088,0.56815404,32.311078069262514
214,0.6069382,2.430620676221226,0.56356966,34.14994429609303
215,0.62023383,2.510383938981531,0.5638753,33.028187884678175
216,0.6090013,2.458790161378828,0.55898535,33.93313745064957
217,0.61205775,2.1272865232048055,0.5599022,35.03342756723716
218,0.6166425,1.9438242342070007,0.5650978,34.02170545955742
219,0.6234431,1.914757883903076,0.55929095,32.42388200643302
220,0.61534345,1.7598828664208201,0.5629584,33.52238421451783
221,0.63223046,1.6871404637625085,0.55287284,33.400624967728966
222,0.6221441,1.6508117520236218,0.5715159,33.86871931080713
223,0.62183845,1.6238496909670226,0.5571516,35.038137058174115
224,0.6269581,1.5780941586521045,0.5638753,34.326160570811524
225,0.62436,1.6415311006735633,0.5540953,33.049570391405474
226,0.62405443,1.6652353701493479,0.55806845,32.846622173244036
227,0.6290976,1.6159802409902453,0.5473716,33.5899071914934
228,0.6125162,1.6731696942459775,0.55684596,33.29629662101018
229,0.6376557,1.6823406154990808,0.5455379,32.506487060584185
230,0.62306106,1.573706332271072,0.5550122,33.957197996106885
231,0.6326125,1.5208615800991336,0.56570905,33.83779336421006
232,0.6258883,1.4952364782512055,0.55806845,33.11323195739597
233,0.63819057,1.4485119764768586,0.55929095,33.07381858918952
234,0.6270345,1.4547856980633715,0.5629584,32.27578831418511
235,0.6361275,1.4014336607932971,0.5611247,33.13862546440441
236,0.6331474,1.4576353716178037,0.5702934,33.084673781266716
237,0.6318484,1.3678232243766648,0.5623472,33.14315392976868
238,0.62955606,1.4065555105273477,0.56356966,33.77839697952084
239,0.63482845,1.4434789894663222,0.56143034,34.734472713144015
240,0.6324597,1.41061717184814,0.56601465,35.8261043296758
241,0.6307786,1.5358323399428697,0.56815404,31.006294040633296
242,0.6335295,1.5543908457655116,0.5476773,33.45625682914753
243,0.62122715,1.6044577958340258,0.5718215,32.07838245475788
244,0.64300454,1.480189127536566,0.54584354,32.8193484075495
245,0.63276535,1.4889946788574473,0.5553178,33.377206051553664
246,0.63268894,1.4538323004779363,0.5611247,33.340273794160204
247,0.63154274,1.4326079720125267,0.5534841,32.72478358261743
248,0.62772214,1.3975847183523982,0.551956,33.90891611896692
249,0.6297089,1.4371284534015365,0.55378973,32.87674828321835
250,0.63215405,1.369164985140951,0.5586797,32.64133011274641
251,0.63650954,1.4715492885872634,0.5574572,31.14245579353463
252,0.63322383,1.4309127917034319,0.5507335,31.98545333750382
253,0.6296325,1.3547593799059683,0.56601465,32.62436001225031
254,0.6345228,1.2621275467004351,0.554401,33.0891411555134
255,0.6246657,1.3122773172110809,0.5562347,33.50483548786937
256,0.6410942,1.2696996200728692,0.56051344,33.613644107921196
257,0.6319248,1.252820769377987,0.5476773,33.138106460384755
258,0.6364331,1.2421272962754848,0.55378973,32.945838415243806
259,0.63421714,1.3151389554449242,0.5641809,33.2484083478783
260,0.63368225,1.2746451627199795,0.55256724,33.29949724062148
261,0.643845,1.2477027481777505,0.56723714,33.1911905936915
262,0.63330024,1.2334606932420513,0.56570905,33.128747044682214
263,0.63658595,1.1890644101961017,0.55654037,32.848521794549995
264,0.6422404,1.2250434722439112,0.55929095,33.38211810384811
265,0.6313899,1.233248405727262,0.56479216,33.186534527170046
266,0.6432337,1.2245764840848854,0.5571516,32.850400817423406
267,0.63658595,1.2573511691766417,0.5650978,32.368430946741825
268,0.62558264,1.3106147406745596,0.5510391,33.0730101251952
269,0.6403301,1.2478440928479206,0.56143034,31.891497665629117
270,0.63482845,1.2213219924525818,0.55898535,31.93532650861297
271,0.6390311,1.1795167628115781,0.56020784,32.111222889720665
272,0.6378849,1.1796090441372449,0.5611247,32.31970386924837
273,0.63971883,1.179388433469392,0.5709047,33.06730688230333
274,0.6432337,1.2263358785223084,0.5623472,33.52593233532894
275,0.63971883,1.2217973543924108,0.5611247,32.85721162828665
276,0.6396424,1.1798871368923554,0.56143034,32.56205714069544
277,0.6442271,1.2162665269714976,0.55806845,32.24844822965216
278,0.64017725,1.2291937618047202,0.55776286,33.801097683335286
279,0.63543975,1.2277114139645642,0.5599022,33.12208967511986
280,0.6404065,1.230463174927578,0.5531785,33.60674339051935
281,0.6344464,1.2735084431269976,0.5556235,34.074323122542175
282,0.6459846,1.2116237435009678,0.5611247,33.8597817735742
283,0.633071,1.16248250002164,0.56143034,32.81450817229404
284,0.6403301,1.2180953345269983,0.5654034,33.48378925276852
285,0.6358218,1.1974456625807466,0.56020784,33.59842738312439
286,0.64086497,1.185662118109861,0.56356966,33.83086321581255
287,0.64185834,1.1531453716970796,0.5638753,32.19075089620203
288,0.64728355,1.2238744965683215,0.55806845,32.54608767073429
289,0.63811415,1.254433090003442,0.5599022,32.4843435543965
290,0.64835334,1.141497855819719,0.5599022,32.534609279306125
291,0.63857263,1.1462569073157998,0.5632641,32.78016417766842
292,0.64514405,1.1443577627998318,0.5574572,31.956234948267856
293,0.64346296,1.146336900656843,0.55287284,32.886938845907274
294,0.6346756,1.1421263659165268,0.56051344,33.36978209106147
295,0.65232676,1.1656557835932857,0.55378973,33.985293866369716
296,0.6400244,1.0950209119790486,0.55287284,33.04263588735119
297,0.6437686,1.1732427187305525,0.5534841,33.21014409893008
298,0.64353937,1.2302508581547282,0.55654037,34.15377688699363
299,0.64346296,1.2145221980031438,0.55654037,33.05542094316925
300,0.6410178,1.2314189878515338,0.55654037,34.35701527863668
301,0.6480477,1.2052144250139574,0.56143034,35.209386625033424
302,0.64025366,1.4159998278881292,0.5650978,32.27439262931096
303,0.64086497,1.4355239619124407,0.56601465,31.51590427034933
304,0.6355926,1.354067312693718,0.5641809,32.337892387781864
305,0.6463666,1.5393852744864354,0.56448656,30.771473579126933
306,0.6459082,1.560279023577169,0.5626528,30.931327213576488
307,0.6293268,1.5203008457165474,0.5718215,31.72030723590431
308,0.64017725,1.4927084510809343,0.5556235,31.16978234941627
309,0.6339115,1.4068681596571033,0.5687653,33.368186987991145
310,0.6335295,1.3873286185494498,0.5632641,32.45202791545094
311,0.64010084,1.407557662471399,0.551956,33.21497119260009
312,0.64201117,1.4579047353507966,0.5608191,32.71698762385361
313,0.6297853,1.492071740428895,0.5617359,32.575904864845185
314,0.64674866,1.4692564155817343,0.5641809,33.59475303220866
315,0.6334531,1.5316696838688757,0.5550122,33.11242045283609
316,0.63322383,1.6588276809683056,0.5638753,33.320164864687
317,0.6358218,1.5991429442562157,0.5595966,31.873318795761445
318,0.63223046,1.5481393583192358,0.56693155,31.325472246463843
319,0.63704437,1.4029787281412687,0.56143034,32.19187485151594
320,0.6339115,1.4523340662760722,0.56601465,32.30378604693051
321,0.64468557,1.3071278356982943,0.5550122,33.88709211466073
322,0.63742644,1.2881071202629453,0.56356966,33.363692435192306
323,0.64308095,1.4066066853801698,0.5632641,31.36953383727878
324,0.63681513,1.4429795972310058,0.57610023,32.96949329702662
325,0.63605106,1.460180995270668,0.55806845,31.95244864204985
326,0.64453274,1.353135399670126,0.5718215,32.71563125647659
327,0.64010084,1.1683847320774818,0.5595966,32.87651876249057
328,0.6455261,1.117092931417254,0.5626528,31.90103509431946
329,0.642164,1.0880884711842782,0.56143034,32.999719232685116
330,0.646061,1.113070155370588,0.5641809,32.960085236938774
331,0.64392143,1.1015810959113421,0.5675428,34.33269428449039
332,0.64453274,1.1083049546080932,0.5599022,34.29161752173837
333,0.6470543,1.1798917450277784,0.5599022,31.18150866818603
334,0.64132345,1.487079980357533,0.5650978,31.525469213359806
335,0.6449148,1.481394975200151,0.56845963,33.90740302722437
336,0.6258883,1.8789871713280213,0.5482885,32.15800658414883
337,0.63001454,2.627235591498126,0.57610023,36.6672810692076
338,0.6319248,3.4563596208000633,0.57212716,31.096755953464648
339,0.6025063,3.823575619426269,0.5690709,32.5095062955376
340,0.6124398,5.595174537510616,0.56051344,30.80015759363151
341,0.62122715,5.596789866797453,0.5797677,28.470233893919108
342,0.5815695,6.338790346141112,0.5599022,30.744729310201258
343,0.6010545,7.69468893352254,0.5375917,31.94145429746446
344,0.5853137,10.061713675777844,0.56693155,29.350154410364574
345,0.5762207,9.429017397065191,0.5531785,32.787452044871735
346,0.58134025,6.965092163759274,0.56570905,32.97831182316638
347,0.6162604,4.971307879054647,0.56601465,29.84626843701948
348,0.5998319,4.06958275028225,0.5540953,32.4964805966776
349,0.6146558,3.142857286485019,0.56570905,30.787396354022412
350,0.6196225,2.503724367175682,0.5556235,30.972647324168012
351,0.6269581,2.111697658494512,0.5586797,32.69266697946563
352,0.618782,1.8421278072294363,0.56479216,32.47979142671692
353,0.62734014,1.5955960248674748,0.56693155,31.912058049134345
354,0.62237334,1.5096752558234015,0.5641809,32.8364282248947
355,0.6371972,1.4359950973286735,0.5638753,32.430667783928385
356,0.6351341,1.3193819782008296,0.56845963,32.49965615027691
357,0.6388019,1.2413275323650494,0.5611247,32.470043485496916
358,0.63864905,1.2154663697806256,0.56143034,32.922393621617246
359,0.6403301,1.1283524401040148,0.56356966,32.67247743303444
360,0.6378085,1.1505528136061922,0.56143034,32.372704233108934
361,0.646061,1.1676562886975197,0.56693155,32.46259913176371
362,0.6383434,1.1971423624761877,0.56601465,33.104983336768115
363,0.64583176,1.1604111985452692,0.55929095,32.99456213505752
364,0.6404829,1.0937531954957775,0.5650978,32.734812808794615
365,0.6442271,1.0435598932358636,0.5571516,33.40932348479851
366,0.646443,1.090081305466316,0.5574572,33.118493366940974
367,0.6404829,1.063759356894267,0.5629584,33.3207341779415
368,0.64850616,1.1512919595336826,0.56020784,32.563629663369476
369,0.63704437,1.113859343785621,0.5595966,32.37715837716473
370,0.6539314,1.1148932287288038,0.56356966,32.60502992923802
371,0.6520211,1.0792025932063665,0.5632641,32.644954658079264
372,0.6462138,1.0832826854019066,0.56570905,32.3271539590178
373,0.6518683,1.0384383878943262,0.56479216,31.9867076733876
374,0.6485826,1.047924191454219,0.56143034,33.07767651658187
375,0.6480477,1.0503212194569547,0.5663203,33.13629913330078
376,0.64506763,1.0616111259204668,0.5663203,32.441688397694335
377,0.6534729,1.0307140094106042,0.56448656,32.50497947170565
378,0.65034,0.9941736334574599,0.56356966,32.3990591370972
379,0.6501108,0.9871994302791463,0.5617359,32.15627579350926
380,0.64888823,0.9701480709441599,0.55929095,32.12058362517788
381,0.6528616,0.9448050499654685,0.5586797,32.50892094003542
382,0.65049285,0.9359911288444104,0.5595966,32.25093059959505
383,0.6485826,0.9551360152335585,0.5574572,32.18482207319264
384,0.65385497,1.0040480663243159,0.56051344,32.081757454534035
385,0.65484834,0.9815416652596807,0.5650978,32.337982783982106
386,0.6497287,1.0186366684671628,0.5583741,32.81324729826165
387,0.6563001,1.0351828622191295,0.5611247,32.70501868940507
388,0.6507985,1.0558866396702355,0.56020784,32.5973044024703
389,0.6574463,1.0188838464559569,0.55165035,32.27391466359929
390,0.65056926,1.0052599444093848,0.5654034,31.73974335630832
391,0.6501108,0.9538874044733141,0.5626528,32.1760849707867
392,0.65049285,1.0083806881285555,0.554401,32.5439770332467
393,0.65163904,1.0319301909537588,0.5574572,32.68195676920175
394,0.6553832,0.99207319723801,0.5599022,32.53944269194288
395,0.65706426,0.9795348285818023,0.55898535,32.53800270901333
396,0.6513334,0.9780106172483672,0.5611247,32.37835251264875
397,0.6453733,1.0019937443060971,0.5522616,32.32359630146353
398,0.6507985,1.209826308429182,0.56143034,30.851978497866604
399,0.65553606,1.45557730230881,0.5510391,31.298590727715155
400,0.6480477,1.3399921991321013,0.5620416,31.599067007125445
401,0.65438986,1.1803240981014178,0.5586797,31.4211570161479
402,0.64896464,1.1711547712304333,0.5666259,30.67614468152482
403,0.64896464,1.1005715015255724,0.56020784,31.423286078903086
404,0.6559945,1.051524710416557,0.5620416,31.684262814323592
405,0.6544663,1.0313944239444053,0.56020784,31.453655214939257
406,0.656835,1.0027297455477298,0.55776286,30.97749073056545
407,0.6535493,0.9931648108395716,0.5608191,31.26836243701739
408,0.65752274,1.014180435784189,0.5617359,31.232079251762705
409,0.64842975,1.0674017223342998,0.5611247,31.480864746354904
410,0.6556888,1.2030235903234126,0.5696822,31.85327158697077
411,0.65003437,1.3514474513123196,0.5559291,31.542710623706174
412,0.6426225,1.5342190366947432,0.5675428,31.362134676982254
413,0.6492703,1.4128285310954674,0.5654034,32.007239157529796
414,0.65561247,1.2983363334750204,0.5553178,31.687162851646068
415,0.6449148,1.2362250024789412,0.5586797,31.821127455508506
416,0.6520211,1.2771464598646154,0.55929095,32.54017485732846
417,0.6528616,1.1951493515435994,0.5595966,32.883933545324794
418,0.6517919,1.1405945621346048,0.5595966,33.49764190151522
419,0.65003437,1.1962652771223528,0.56143034,33.239947228093605
420,0.6535493,1.1791171234013098,0.5522616,32.61739318586503
421,0.6524796,1.1452280350107464,0.55929095,32.73841070254449
422,0.65316725,1.0914398635090503,0.5617359,32.67192998200582
423,0.65041643,1.0330044098458588,0.5583741,32.66435360150699
424,0.65698785,1.0619213193224615,0.56448656,33.49735759930972
425,0.65156263,1.0993516080891592,0.5583741,33.13351622304007
426,0.65813404,1.0542444854785735,0.55898535,32.43790433925638
427,0.65385497,1.0238443273651578,0.5623472,32.36693956333151
428,0.6528616,1.0110427437550409,0.5638753,32.302187777381654
429,0.6573699,0.9521901976381784,0.55929095,33.60902769466484
430,0.6572935,0.9693262012436435,0.55378973,33.44040911704812
431,0.6524796,0.9838064362260031,0.55776286,32.94960565730237
432,0.65645295,0.9467144746635381,0.5559291,32.768280327757296
433,0.6561473,1.0510970606717904,0.55776286,32.086726060414954
434,0.6530144,0.9657264532885869,0.55929095,31.753071199710913
435,0.6546191,0.9627281921454781,0.5571516,32.295739190211215
436,0.6552304,0.936085465589819,0.5696822,32.105426377947
437,0.655154,0.9774115923810627,0.56051344,31.829204195577532
438,0.65645295,0.9313594338144585,0.56143034,31.891179921866048
439,0.656835,0.9435441039085315,0.55654037,32.170237058532265
440,0.65698785,0.8960232889942829,0.55378973,32.371328684986366
441,0.6592802,0.8556081870027229,0.55929095,32.063560770309934
442,0.65263236,0.93245792618007,0.55898535,32.067752175925705
443,0.6601207,0.9496984703888584,0.5550122,31.68607158707523
444,0.6497287,0.97187570420836,0.5617359,32.44913846880999
445,0.6598915,0.934304988984529,0.5620416,32.03615974388962
446,0.6547719,0.9044348632095149,0.5690709,31.833803862406164
447,0.65821046,0.8646561846135908,0.56479216,31.867138617779048
448,0.6574463,0.8598000174529906,0.56448656,31.301457286172507
449,0.656835,0.8616593144990602,0.5623472,31.75092277899931
450,0.65966225,0.893498747049282,0.56020784,31.900935473826813
451,0.65874535,0.8919491847131472,0.56448656,31.687182587341457
452,0.66073203,0.8840673604714385,0.5650978,32.18571032405191
453,0.6566058,0.9364648447906104,0.5650978,31.511242733607958
454,0.6589745,1.025192426179577,0.5595966,31.402278578368843
455,0.66019714,0.9489529566612893,0.5632641,31.986819320902555
456,0.6617254,0.8860812506282576,0.5595966,32.11556454217813
457,0.65759915,0.8752508949466483,0.56143034,31.631642586444585
458,0.6618782,0.8959851506614991,0.55654037,31.94564545125425
459,0.65920377,0.9000496092742255,0.56020784,31.831203166896383
460,0.65905094,0.8941211771489538,0.5650978,31.877148112924292
461,0.66417056,0.8704265699472585,0.5595966,32.67399818215219
462,0.66134334,0.8883734257443299,0.5678484,31.58868408203125
463,0.6598151,0.9271189890334501,0.5595966,32.093677352867964
464,0.6604264,0.8997601841125858,0.5638753,32.33502304058495
465,0.65912735,0.9059924282309496,0.5586797,31.652819635815607
466,0.6566058,0.9606380578694956,0.56448656,31.73181229756922
467,0.65752274,0.9385769388715223,0.55654037,31.64025426085829
468,0.6574463,0.9273110596064423,0.5562347,32.153166334903034
469,0.6567586,0.9065648516231728,0.55806845,32.297393164599725
470,0.66340643,0.90495349866799,0.56020784,32.34771533583662
471,0.6588981,0.8820833242394083,0.56143034,32.294443802029114
472,0.6612669,0.8778942197941564,0.5638753,32.2737819326536
473,0.65767556,0.8791339217937866,0.5550122,32.12461161438585
474,0.66333,0.8571810204414174,0.56448656,31.662390795197055
475,0.6604264,0.8911962235020363,0.5650978,31.51361450997425
476,0.65973866,0.906132095039706,0.5611247,31.714468272799092
477,0.65912735,0.9314240057391716,0.55806845,31.466504271864018
478,0.6621074,0.8956929242364078,0.55776286,31.435529825448405
479,0.65576524,0.8479770837305992,0.55654037,32.26891557744779
480,0.6618018,0.8555968055579718,0.55898535,31.993917162086095
481,0.65973866,0.9227890624777376,0.5562347,31.668868990574023
482,0.6637885,0.9701147923050895,0.5562347,32.610381790944594
483,0.65912735,0.971663258789312,0.5595966,32.71862742603554
484,0.6631772,0.9071478884542764,0.55287284,32.07249423635618
485,0.6574463,0.8616969627365578,0.55776286,30.65369686695649
486,0.65645295,0.9281371434468896,0.5574572,31.07161805449022
487,0.66088486,0.9139021491497935,0.5547066,31.585148846316162
488,0.65958583,1.0253316611085719,0.56693155,31.729069180476927
489,0.6513334,1.4755504316821622,0.5595966,31.775915075922363
490,0.65492475,1.2984917997138845,0.55654037,30.856464362669108
491,0.6534729,1.2119537630419666,0.55012226,31.842975523186198
492,0.6560709,1.1597708911648716,0.55929095,32.59264275846971
493,0.65431345,1.2014925540964663,0.5553178,31.16809645375296
494,0.6498051,1.128213117450938,0.56143034,31.718715294649083
495,0.6541606,1.0616794997807573,0.5595966,30.87407411048348
496,0.6583633,1.0410796496386632,0.56693155,31.463523976668753
497,0.65645295,0.9934084625124631,0.5571516,31.81180040410795
498,0.6588217,0.9206978829593648,0.5620416,32.379275622752594
499,0.6574463,0.9182134290935522,0.5574572,32.58243172326123
